Nombre y Apellido,Instituci√≥n,Mail
Inara Shannon,DRLJXEOJHK,mail@mail.com
Cassia Middleton,DDGVUGEXGU,mail@mail.com
Anita O'Moore,BNMZMZLFAK,mail@mail.com
Wendy Cervantes,QCPZESSFQO,mail@mail.com
Chenai Howell,LTSVMKTJHS,mail@mail.com
Yusuf Mcguire,DBDCVRZODT,mail@mail.com
Sydney Hirst,KRCSRTYSYW,mail@mail.com
Jackson Buckley,EKGSPZEEAB,mail@mail.com
Garry Bonner,VYOIXMMRGA,mail@mail.com
Sammy-Jo Seymour,WMKYSKWSQO,mail@mail.com
Lisa-Marie Rowley,UDYOPBDRDG,mail@mail.com
Sherri Hail,BRSBFOOGBE,mail@mail.com
Eilish Weaver,MYDVKYUWLJ,mail@mail.com
Yvette Downes,DWARFXPQFV,mail@mail.com
Romario Hill,SRZFIQPHPX,mail@mail.com
Andrea Bassett,DGAAMPFNUH,mail@mail.com
Katarina Driscoll,OLDKEMZQIB,mail@mail.com
Vikram Marsden,SAUCLKEKOS,mail@mail.com
Laith Munoz,DWGNTGSDNI,mail@mail.com
Mayson Mcphee,YBYANORGUJ,mail@mail.com
Rudra Mcnally,ILRDXBLZPE,mail@mail.com
Nusaybah Gonzales,FAVIPUVULD,mail@mail.com
Iga Callaghan,SXBAOYTBQB,mail@mail.com
Kyle Parkinson,FRVFJEVZUS,mail@mail.com
Carys Callahan,TYPMOBOSJL,mail@mail.com
Kacie Barnett,CQIEVXCOSR,mail@mail.com
Neha Wilkes,QQEGNCWLDD,mail@mail.com
Jake Lennon,OSDGDRKFNB,mail@mail.com
Shanon Webber,XJVEVMEPOZ,mail@mail.com
Aras Begum,CPJQMNWYDB,mail@mail.com
Matt Rodrigues,GOSBXHNNBI,mail@mail.com
Rahima Myers,DJQLSDSZDN,mail@mail.com
Amelia-Rose Mendez,AHOXUJJREV,mail@mail.com
Leila Guevara,TUHCJUKWJP,mail@mail.com
Zi Cooper,NYNKJHZDBI,mail@mail.com
Luther Kearney,QOKFHVZCFF,mail@mail.com
Beatrix Bauer,BECPWNVFQS,mail@mail.com
Faiz Whelan,LHLQQZEIYW,mail@mail.com
Tj Conrad,SRVJCJIPFE,mail@mail.com
Viola Rudd,IRNKHIFPUL,mail@mail.com
Carla Glover,DGARYOBAUN,mail@mail.com
Elif House,VLKQITXXVV,mail@mail.com
Atticus Howard,YMQQSSBAPA,mail@mail.com
Fahad Mann,DYAHQUEYRU,mail@mail.com
Danyaal Calvert,TPONYDTISH,mail@mail.com
Clara Gay,PWSWUSUDPZ,mail@mail.com
Annabella Hanna,XVRAFFWBBG,mail@mail.com
Aanya Walters,LVQZLVHGZY,mail@mail.com
Anees Giles,PCSIHRXPFE,mail@mail.com
Daryl Davis,RZKQXPDJRF,mail@mail.com
Jaydon Goff,KCQJBKLBPZ,mail@mail.com
Horace Cantu,NVRHVUALCC,mail@mail.com
Vivienne Odom,DLNMVAWYMS,mail@mail.com
Wasim Fox,XZWYXHRRNW,mail@mail.com
Armaan Cote,IZIOJESHVY,mail@mail.com
Remy Salas,ZIZSLFHRKA,mail@mail.com
Antony Griffin,NMLYDCWZUG,mail@mail.com
Jessica Bennett,PRUIXGRHXT,mail@mail.com
Marni Rasmussen,QVJGVFPCTN,mail@mail.com
Laurence Kumar,HRBWMTRCUF,mail@mail.com
Sheikh Adkins,MKHTLZVHXT,mail@mail.com
Arisha Allen,ESNTJILUQS,mail@mail.com
Siya Roman,GPDBFNOFDS,mail@mail.com
Patrycja Knights,ABKNCLMHTY,mail@mail.com
Lois Langley,YEFLIAUXQL,mail@mail.com
Korban Hutchings,RBEJPEEPEB,mail@mail.com
Caio Puckett,ISMUIAQKIB,mail@mail.com
Kya Rollins,CQYFIHQYYD,mail@mail.com
Meredith Frey,RJBZYKMKDU,mail@mail.com
Saeed Bradford,HTDGBZYTLO,mail@mail.com
Isaac Copeland,MMXGQNGFVJ,mail@mail.com
Raymond Gill,XRDLXXLOUZ,mail@mail.com
Tanner Conner,UKZNCTPZYQ,mail@mail.com
Jolie Kaye,ZJASYWKZNP,mail@mail.com
Nazia Arellano,GKVJJBXPUE,mail@mail.com
Humaira Case,XYHSAJDDOO,mail@mail.com
Christiana Calhoun,NVGFLEAGYL,mail@mail.com
Bill Hopkins,WZVFIHTAPA,mail@mail.com
Nial Mcgee,VQOCKERBLJ,mail@mail.com
Alya Chapman,AYTGGKFZQL,mail@mail.com
Jaiden Benitez,CFQOWRAWTR,mail@mail.com
Kaif O'Reilly,OZFNDSYQOK,mail@mail.com
Niyah Bond,LZSHTQHBDP,mail@mail.com
Jodi Hickman,EJDOAIBAMI,mail@mail.com
Jarvis Valenzuela,CWOSLJBQQJ,mail@mail.com
Makayla Spencer,ONZKEGHCDV,mail@mail.com
Owen Porter,YEWVKERMLC,mail@mail.com
Kiara Eastwood,TBKJDPCBVF,mail@mail.com
Tilly-Mae Lugo,NJXNTZAILZ,mail@mail.com
Jorja Lawrence,CWVZHSGZJA,mail@mail.com
Sam Roth,UZDMVYMVDU,mail@mail.com
Yara Hubbard,MVJSDDQGZP,mail@mail.com
Ashleigh Mckeown,UFOPPZLOSB,mail@mail.com
Theresa Buck,UKTOQWCKLY,mail@mail.com
Rudi Shaffer,ZQGKYJEVFS,mail@mail.com
Romany Palacios,SFSDMDYPGJ,mail@mail.com
Dannielle Hope,VQIRVOUYMM,mail@mail.com
Roan Alvarez,ZTXKQJPRCG,mail@mail.com
Jakob O'Neill,UXAZTICCVY,mail@mail.com
Kit Ramos,KVGWKKAEPO,mail@mail.com